iter	RMSE
0	113.7131237
1	80.58375256
2	67.66228857
3	54.92898267
4	54.76064898
5	54.7299856
6	54.70015414
7	50.69007377
8	50.28888604
9	50.26782681
10	48.42537214
11	44.84672152
12	43.86177319
13	42.28251157
14	42.0178796
15	41.00278267
16	40.65957729
